Product_name,Brand_name,Ingredients
Butter,Amul,common salt. CONTAINS PERMITTED NATURAL COLOUR [ANNATTO]
Ghee,Amul,"butter,iodized salt , natural colour(annato)"
Amul Cheese,Amul,"Milk Solids, Emulsifiers (Commonly Citric Acid, Sodium Citrate, Or Calcium Phosphate), Common Salt, Acidity Regulator, Edible Common Salt, Antioxidant, Class II Preservatives"
Amul IceCream,Amul,"Milk Solids, Sugar,Emulsifiers, Stabilizers, Artificial Flavouring Substances, Colour"
Masti Dahi,Amul,"Pasteurised toned milk, milk sonds, active"
Lassi,Amul,"
Toned Milk Dahi, Water and Sugar. Contains Permitted Stabilizer (E440) and Added Nature Identical and Artificial Flavouring Substances (Rose"
Amul Buttermilk,Amul,"milk solids, salt, common salt, spices, condiments and permitted stabilizer"
Amul Fresh Milk,Amul,"Toned milk , Fat(3.0% minimum, SNF 8.5% minimum)"
Amul Shrikhand,Amul,"Milk solid, sugar , Flavour"
Amul Kool Flavoured Milk,Amul,"Standardised milk,sugar, milk solids, stabilizer(401)"
Parle-G Biscuits ,Parle,"Wheat Flour (67%), Sugar, Edible Vegetable Oil (Palm Oil), Invert Sugar Syrup (Sugar, Citric Acid), Raising Agents (503, 500), Edible Common Salt, Milk Solids (0.6%), Emulsifier (Di-acetyl Tartaric Acid Esters of Mono and Diglycerides of Edible Vegetable Oils), Dough Conditioner, Added Flavours (Artificial Flavouring Substance – Vanilla), D-Glucose, Levulose"
Hide & Seek Cookies ,Parle,"wheat flour, chocolate (23%), and edible vegetable oil (palm oil),artificial vanilla flavour                         "
20-20 cookies,Parle,"wheat flour, sugar, palm oil, milk solids, and 0.3% butter, artificial butter flavour"
KrackJack Biscuits ,Parle,"Refined wheat flour (maida), refined palm oil, and sugar (19.1%),artificial flavour for vanilla and butter"
Monaco Biscuits ,Parle,"refined wheat flour (maida), refined oils, sugar, and iodized salt (2.25%), artificial butter flavour"
Melody Chocolate ,Parle,"Sugar, liquid glucose, cocoa solids (10.8%), refined palm oil, milk solids, iodised salt, and soya lecithin."
Mango Bite Candy,Parle,"sugar, liquid glucose, mango powder (1%), and acidity regulator (330), synthetic food color (102) and added artificial mango flavoring substances."
Cheeselings,Parle,
Kismi Toffee,Parle,"Sugar, liquid glucose, edible vegetable oil, milk solids, salt, and soya lecithin emulsifier,Artificial cardamom (elaichi) flavoring."
Little Hearts,Britannia,"refined wheat flour (maida), sugar, and refined vegetable oils.milk, and soya components,raising agents and emulsifiers"
Bourbon,Britannia,"refined wheat flour (maida), sugar (32.5%), and refined palm/palmolein oil, cocoa solids (1.5%) and milk chocolate (0.1%) ,colours, emulsifiers, raising agents, and flavouring substances."
Croissant,Britannia,"Refined wheat flour (maida), sugar, and refined palm oil,vanilla flavoring substances and color 171,emulsifiers, preservatives (282, 202), and raising agents"
Good Day BIscuit,Britannia," SUGAR SYRUP, RAISING AGENTS & SODAL BUTTER 10.5%) ,IODISED SALT, EMULSIFIERS 471 472 ARTIFICIAL VANILLA FLAVOURING SUBSTANCES AND COLOUR 2
refined wheat flour, palm oil, sugar, nuts (almonds, cashews, pistachio), and milk solids."
Marie Biscuit,Britannia,"Refined wheat flour (maida) (66%), sugar, and refined palm oil,raising agents, emulsifiers, artificial flavors (milk, butter, vanilla), and a dough conditioner,"
Nice Biscuit,Britannia,"Refined wheat flour, sugar (26%), refined palm oil, and coconut products (4.5%),artificial coconut and vanilla flavoring substances."
Nutri Choice digestive biscuits,Britannia,"Wheat flour (atta) makes up 85.5% of the product,Contains refined palm oil, sugar, wheat bran, and milk products. "
50-50 Potazos Masti Masala,Britannia,"Refined wheat flour (maida), oil, sugar, and dehydrated potato flakes (11.3%),Spices & condiments (onion, garlic, red chilli, coriander, cumin) and dry mango powder."
Toastea Milk Atta Rusk,Britannia,"Refined wheat flour (maida) and wheat flour (atta),sugar, palm oil, milk solids (2%), yeast, salt, and various emulsifiers and improvers."
Jim Jam,Britannia,"refined wheat flour, 24% sugar, refined palm oil, and milk products,fruit products (0.7%) including banana powder and plum juice concentrate, along with mixed fruit, vanilla, and butter flavorings."
Aloo Bhujia,Haldirams,"Potato, Refined Palmolein Oil, Bengal Gram Flour (Besan), Potato Flakes, Potato Starch, Tapioca Starch, Tepary Beans (Moth Dal) Flour, lodised Salt, Red Chilli Powder, Black Salt, Acidity Regulator (INS 330), Black Pepper, Clove, Cardamom, Dried Ginger Powder, Dried Garlic Powder, Refined Sugar, Cumin Powder, Bay Leaves, Nutmeg, Cinnamon & Mint Leaves."
Bhujia sev,Haldirams,"Tapary Beans Flour (43%), Edible Vegetable Oil, Gram Pulse Flour (12%), Edible Common Salt Powder, Black Pepper Powder, Ginger Powder, Clove Powder, Mace Powder, Nutmeg Powder & Cardamom Powder"
Khatta Meetha,Haldirams,"Refined Rice Flakes (22%), Bengal Gram Flour (Besan) (21%/ Split Pulse Bengal Gram (Chana Dal) (7%), Groundnut (Peanuts) (5%), Sago (4%), Refined Sugar (4%), Red Lentils (Masur Whole) (2.5%), Green Peas (2%), Iodised Salt, Blac Red Chilli, Acidity Regulator & Antioxidant (E 330) and Turmeric. Allergy Advice : Contains Peanut May Contain Tree nuts, Gluten, Sesame Seed, Milk, Soya & Mustard Seed"
Rasgulla,Haldirams,"Refined Sugar, Water, Milk Solids (Chhanna) &
Rose Water"
Gulab Jamun,Haldirams,"Sugar Syrup, Khoya (7%), Clarifiec
Butter (Ghee), Chhena, Refined Wheat
Flour Maida) Rose Water and Cardamom"
Soan Papdi,Haldirams,"Refined Sugar, Refined Wheat Flour (Maida), Refined Palmolein Oil, Bengal Gram Flour (Besan), Hydrogenated Vegetable Oil (Vanaspati), Liquid Glucose, Cardamom, Almond & Pistachio Nuts. Allergen: Contains Almonds, Pistachios & Wheat May Contains Coconut, Cashew, Milk, Soy, Peanut & Sesame Seed."
Moong Dal,Haldirams,"Split Pulse Moong (Moong Dal) (77 %), Cotton Seed Oil Refined & lodised Salt."
Soya Sticks,Haldirams,"Tapioca Starch, Refined
Palmolein Oil, Soya Flour (8%), Split Split Pulse Urd (Urd Dal) Flour, Refined Sugar, lodised Salt, Hydrogenated Vegetable Oil (Vanaspati), Red Chilli Powder, Coriander Powder, Cumin Powder, Clove Powder, Dried Mango Powder, Black Pepper, Cardamom, Acidity Regulator (INS 330), Onion Powder, Garlic Powder, Black Salt, Asafoetida, Bay Leaf, Nutmeg, Cinnamon, Fennel Seed, Turmeric & Mustard Seed."
Mini Bhakarwadi,Haldirams,"Refined Wheat Flour (Maida),Bengal Gram Flour (Besan), Refined Palmolein Oil. Refined Sugar, lodised Salt, Dried Mango Powder, Red Chilli, Fennel Seed, Sesame Seed, Ajowan, Dried Ginger Powder, Black Pepper, Cinnamon, Clove, Cardamom, Bay Leaves & Asafoetida."
Masala Noodles,Maggi,"Noodles: Refined wheat flour (Maida), Palm oil, lodise Salt, Wheat gluten, Thickeners (508 & 412), Acidity regulators (501(i) & 500(i)) and Humectant (451(i)).
Hydrolysed groundnut (peanut) protein, Mixed spices {(23.6%)
(Dehydrated onion, Coriander powder (3.2%), Red chilli powder (3%), Turmeric powder (2.8%), Dried garlic, Cumin powder (1.3%), Aniseed powder, Fenugreek powder, Ginger powder, Black pepper powder, Clove powder, Green cardamom powder 8 Nutmeg powder)), Noodle powder (Refined wheat flour (Maida), Palm oil, lodised Salt, Wheat gluten, Thickeners (508 & 412), Acidity regulators (501 (i) 8 500(i)) & Humectant (451 (i))}, Sugar, Edible starch, Palm oil, Thickener (508), Caramel salt mix (Salt, Colour (150d) & Palm oil), Acidity regulators (3308 500(ii), lodised Salt, Flavour enhancer (635) and Mineral (Ferric pyrophosphate).
CONTAINS PERMITTED NATURAL COLOUR. MAY CONTAIN MILK SOLIDS, MUSTARD AND SOY"
Veg stock cubes,Maggi,"lodised salt, Sugar, Flavour enhancer (635), Mixed spices (Dehydrated onion, Dried garlic, Black pepper powder, Turmeric powder, Nutmeg powder), Palm oil, Starch, Nature identical flavouring substances, Dehydrated carrot bits, Toasted onion powder, Acidity regulator (330), Dehydrated coriander leaves, Water, Colour (150d) and Natural flavouring substance Contains Soy.
May contains Wheat and Milk."
Rich Tomato Ketchup,Maggi,"Water, Tomato paste (24.5%), Sugar, lodized salt, Thickeners (1422 & 415), Acidity Regulator (260), Dehydrated onion, Dried garlic, Preservative (211) and Mixed spices."
Hot & Sweet tomato chilli sauce,Maggi,"Water, Sugar, Tomato paste (11.9%), Red chilli puree (6.6%), lodized salt, Acidity regulator (260), Starch, Mixed Spices, Garlic powder, Thickener (415), Onion powder and Preservative (211).
"
Garam Masala,MDH,"Coriander seeds, Cumin, Black Pepper, Cassia, Dried Ginger, Fenugreek Leaves, Cardamom Amomum, Yellow Chillies, Cloves, Nutmeg, lodised Salt, Mace"
Kitchen king masala,MDH,"Coriander seeds, Cumin, Red Chillies, Turmeric, Black Pepper, lodised Salt, Dried Ginger, Mustard seeds, Fennel, Garlic, Cassia, Fenugreek Leaves, Cardamom Amomum, Cloves ,Nutmeg, Green Cardamom, Mace, Asafoetida"
Chana masala,MDH,"Coriander seeds, Unripe Dry Mango, lodised Salt, Cumin, Red Chillies, Kachri, Black Salt, Pomegranate Seeds, Black Pepper, Seedless Tamarind, Dried Ginger, Mint Leaves, Cassia,,Fenugreek Leaves, Cardamom Amomum, Nutmeg, Cloves, Mace"
Sabzi masala,MDH,"Coriander seeds,Cumin, Unripe Dry Mango, Red Chilli, Mustard seeds, lodised Salt, Pomegranate seeds, Cassia, Turmeric, Black Pepper, Salt Black, Garlic, Cardamom Amomum, Clove, Dried Ginger"
Pav Bhaji masala,MDH,"Coriander seeds, Red Chillies, Unripe Dry Mango, Cumin, lodised Salt, Fennel, Cassia, Dried Ginger, Black Pepper, Cardamom Amomum, Cloves, Star Anise, Nutmeg, Mace"
Chicken masala ,MDH,"Coriander seeds, Red,Chillies, Turmeric, Cumin, lodised Salt, Black Pepper, Fenugreek Leaves, Mustard seeds, Dried Ginger, Cassia, Cardamom Amomum, Cloves, Nutmeg, Mace, Asafoetida"
Meat masala,MDH,"Coriander seeds, Cumin, Red Chillies, Turmeric, Black Pepper, lodised Salt, Dried Ginger, Mustard seeds, Fennel, Garlic, Cassia, Fenugreek Leaves, Cardamom Amomum, Cloves,Nutmeg, Green Cardamom, Mace, Asafoetida"
Sambhar masala,MDH,"Coriander seeds,,Turmeric, Cumin, Red Chillies, lodised Salt, Fenugreek Seeds, Banarsi Rai, Mustard Seeds, Black Pepper, Cassia, Dried Ginger, Cardamom Amomum, Nutmeg, Cloves, Mace, Asafoetida"
Shahi paneer masala,MDH,"Coriander seeds, Red,Chillies, lodised Salt, Black Pepper, Turmeric, Garlic, Cassia, Dried Ginger, Fennel, Cardamom Amomum, Cloves, Nutmeg, Mace"
Kashmiri mirch powder,MDH,Red chilli
Yippee masala pasta,ITC,"PASTA: Wheat Semolina (Suji) (100%).
MASALA PASTA SAUCEMAKER: Dairy Whitener (Milk Solids, Sugar),
lodized Salt, Instant Noodle Powder [Refined Wheat Flour (Maida), Refined Palm Oil, lodized Salt and Wheat Gluten], 'Spices and Condiments, Hydrolyzed Vegetable Protein, Sugar, Onion Powder, Hydrogenated Vegetable Oil, Dehydrated Garlic Bits (2.5%), Natural Flavours and Natural Flavouring Substances, Flavour Enhancers (INS 627, INS 631), Acidity Regulator (INS 330) and Dehydrated Fenugreek Leaves (0.04%).
'Used as Flavouring agents"
Sunfeast Dark Fantasy,ITC,"CHOCO CRČME (38.0%) (SUGAR, REFINED ,PALMOLEIN, REFINED PALM OIL, COCOA SOLIDS, EMULSIFIER [LECITHIN (FROM SOYABEAN)], NATURE IDENTICAL FLAVOURING SUBSTANCES (CHOCOLATE), ARTIFICIAL FLAVOURING SUBSTANCES (VANILLA)), MAIDA (REFINED WHEAT FLOUR), HYDROGENATED VEGETABLE OIL, SUGAR, INVERT SYRUP, LIQUID GLUCOSE, RAISING AGENTS (503(ii), 500(ii), 450(i)), COCOA SOLIDS (0.7%), BUTTER, MILK SOLIDS, IODIZED SALT, NATURE IDENTICAL FLAVOURING SUBSTANCES (*MILK CHOCOLATE), COLOURS (150c, 150d), EMULSIFIERS [LECITHIN (FROM SOYABEAN), MONO AND DIGLYCERIDES OF FATTY ACIDS (FROM PALM OIL)], ARTIFICIAL FLAVOURING SUBSTANCES (MILK, VANILLA).
"
Sunfeast Moms magic,ITC,"
Refined Wheat flour (Maida), sugar, refined plam oil, cashew bits, Almond flakes, Invert syrup, Milk solids, Edible common salt, Butter."
Sunfeast bounce creme biscuits,ITC,"REFINED WHEAT FLOUR (MAIDA), SUGAR, REFINED PALM OIL, INVERT SYRUP, RAISING AGENTS (INS 450(i), INS 500(ii), INS 503(ii)), LIQUID GLUCOSE (1.0%), COLOURS (INS 122, INS 150d, INS 150c), COCOA SOLIDS (0.5%), IODIZED SALT, EMULSIFIERS [LECITHIN (FROM SOYABEAN), POLYOXYETHYLENE SORBYTON MONOSTEARATE (FROM PALM)], ARTIFICIAL FLAVOURING SUBSTANCES (MILK, VANILLA, CHOCOLATE), MILK SOLIDS, STARCH, PLAIN CHOCOLATE (0.06%){SUGAR, COCOA SOLIDS, COCOA BUTTER, EMULSIFIERS [LECITHIN (FROM SOYABEAN), POLYGLYCEROL ESTERS OF INTERESTERIFIED RICINOLEIC ACID (FROM CASTOR BEAN)]), FLOUR TREATMENT AGENT (INS 223) AND NATURE IDENTICAL FLAVOURING SUBSTANCES"
Tomato ketcup,Kissan,"WATER, TOMATO PASTE (28%), SUGAR, IODISED SALT, ACIDITY REGULATOR - E260, STABILIZERS - E1422, E415, PRESERVATIVE - E211, ONION POWDER, GARLIC POWDER, SPICES AND CONDIMENTS."
Fruit Jam,Kissan,"SUGAR. MIXED FRUIT PULP BLEND 60% (PAPAYA PULP, PEAR PULP, APPLE JUICE, BANANA PULP, PINEAPPLE JUICE, ORANGE JUICE, MANGO PULP, GRAPE JUICE)#. ACIDITY REGULATOR - E330, THICKENER E440, IODISED SALT, VITAMINS & MINERALS, PRESERVATIVE -E202, NATURAL FLAVOURING SUBSTANCES, FOOD COLOUR - E122."
Chilli Tomato Sauce,Kissan,"WATER, SUGAR, TOMATO ,PASTE# (22.4%), CHILLI PUREE (3.8%), IODISED SALT, ACIDITY REGULATOR - E260, STABILIZERS - E1422, E415, GARLIC POWDER, ONION POWDER, PRESERVATIVE - E211, NATURE IDENTICAL FLAVOURING SUBSTANCE, SPICES AND CONDIMENTS."
Rava Idli Mix,MTR,"Wheat Semolina (84%), Interesterified vegetable fat, Bengal Gram splits, Cashew Nuts (2%), lodised Salt, Curry leaves, Raising agent [INS 500 (ii)], Anticaking agent (INS 551), Mustard seed, Green Chilli and Ginger.
"
Dosa Mix,MTR,"Wheat Semolina (84%), Interesterified vegetable fat, Bengal Gram splits, Cashew Nuts (2%), lodised Salt, Curry leaves, Raising agent [INS 500 (ii)], Anticaking agent (INS 551), Mustard seed, Green Chilli and Ginger"
Instant Poha,MTR,"Rice Flakes (75%), Interesterified Vegetable fat Peanuts (3%), Dehydrated onion, Iodised Salt, Sugar, Green chilli, Curry leaves (1%), Mustard, Maltodextrin (Corn) Cumin, Tumeric, Powder, Acidity regulators (INS 330 and INS 334) and Natural Substance.
"
Aam Panna,Paper Boat,"WATER, MANGO PUREE,(14%) SWEETENERS (968, 955), LEMON JUICE CONCENTRATE (0.3%)*, SPICES AND CONDIMENTS (CUMIN POWDER, AMCHUR POWDER, BLACK PEPPER POWDER AND RED CHILLI POWDER), IODISED SALT, FLAVOURS (NATURAL AND NATURE- IDENTICAL FLAVOURING SUBSTANCES), ACIDITY REGULATOR (296), STABILIZERS (466, 412), ANTIOXIDANT (300) AND BLACK SALT.10% MANGO-LEMON JUICE.CONTAIN NON-CALORIC SWEETENER"
Aamras,Paper Boat,"WATER, MANGO PULP (25%), SUGAR, ACIDITY REGULATOR (INS 330), FLAVOURS (NATURE-IDENTICAL AND NATURAL FLAVOURING SUBSTANCES), STABILIZER (INS 440), ANTIOXIDANT (INS 300), CARDAMOM POWDER AND SAFFRON POWDER"
Frooti,Parle Agro,"WATER, SUGAR, MANGO PULP (11.2%),
ACIDITY REGULATORS [INS 330, INS 331(iii)), NATURE -IDENTICAL FLAVOURING SUBSTANCES (MANGO), STABILIZERS (INS 466, INS 415), ANTIOXIDANT (INS 300), FOOD COLOUR (INS 110) AND ANTIFOAMING AGENT (INS 900a)
(INS-INTERNATIONAL NUMBERING SYSTEM)
NO ADDED PRESERVATIVE"
Smoodh Chocolate milk,Parle Agro,
Appy Fizz,Parle Agro,"WATER, SUGAR, APPLE JUICE CONCENTRATE (1.9%)
[EQUIVALENT TO 12.7% APPLE JUICE (RECONSTITUTED)], CARBON DIOXIDE (INS290)*, ACIDITY REGULATORS [INS296, INS331(iii), INS330], PRESERVATIVE (INS211), NATURAL COLOUR (INS150d), ANTIOXIDANT (INS300) AND NATURE-IDENTICAL FLAVOURING SUBSTANCES (APPLE)
CONTAINS PERMITTED NATURAL COLOUR (INS150d) AND ADDED FLAVOUR [NATURE-IDENTICAL FLAVOURING SUBSTANCES (APPLE)]

"
Appy Apple Juice,Parle Agro,"WATER, SUGAR, APPLE JUICE CONCENTRATE (2.1%) [EQUIVALENT TO 14% APPLE JUICE (RECONSTITUTED)], ACIDITY REGULATORS [INS 296, INS 330, INS 331(iii)], STABILIZER (INS 440), FOOD COLOUR (INS 150d), ANTIOXIDANT (INS 300) AND NATURE-IDENTICAL FLAVOURING SUBSTANCE (APPLE) (INS - INTERNATIONAL NUMBERING SYSTEM) NO ADDED PRESERVATIVE"
,Parle Agro,
Schezwan Chutney,Chings,"Water, Cotton Seed Oil, Sugar, lodised Salt, Chilli, Garlic, Onion, Thickener (INS 1422), Ginger, Acidity Regulator (INS 260), Flavour Enhancer (INS 635), Spices (White Pepper, Schezwan Pepper), Preservatives (INS 202, INS 211), Natural Flavouring Substances.
"
Red Chilli Sauce,Chings,"Water, Sugar, Red Chilli (6%), Garlic, Ginger, Salt, Acidity Regulator (E260), Thickener (E1422), Emulsifying & Stabilizing Agent (E415), Acidity Regulator (E330), Preservative (E211).
"
Green Chilli Sauce,Chings,"Water, Green Chilli (30%), Salt, Sugar, Thickener (E1422), Garlic Powder, Acidity Regulator (E296, E260), Emulsifying & Stabilizing Agent (E415), Spices (Cumin Powder, Coriander Powder), Preservative (E211).
"
Hakka Noodles Masala,Chings,"lodised Salt, Mixed Spices (17.5%) [Chilli, Cumin, Coriander], Sugar, Garlic Powder, Onion Powder, Flavour Enhancer (INS 635), Soy Sauce Powder (Soybean, Wheat, Salt), Anticaking Agent (INS 551), Acidity Regulators (INS 330, INS 260), Sunflower Oil, Natural Flavouring Substances."
Schezwan fried rice masala,Chings,"Iodised Salt, Mixed Spices (13.5%) [Chilli, Ginger, Pepper], Garlic Powder, Sugar, Onion Powder, Flavour Enhancer (INS 635), Soy Sauce Powder (Soybean, Wheat, Salt), Acidity Regulator (INS 330), Anticaking Agent (INS 551), Beet Root Powder, Sunflower Oil, Natural Flavouring Substances."
Hot garlic instant noodles,Chings,"Refined Wheat Flour (Maida), Refined Palm Oil, Iodised Salt, Wheat Gluten, Thickener (INS 508), Stabilizer (INS 451 (i)), Acidity Regulator (INS 501 (i)), Raising Agent (INS 500 (ii)), Antioxidant (INS 319), Dehydrated Garlic (37%), Iodised Salt, Tomato Powder [Tomato Solids, Maltodextrin, Anticaking Agent (INS 551)], Sugar, Chilli Flakes, Natural and Nature-Identical"
Manchow cook  up soup,Chings,"Corn Flour, Dehydrated Vegetables (21%) [Carrot, Cabbage, Mushroom], Iodised Salt, Dried Glucose Syrup, Sugar, Soy Sauce Powder (Soybean, Wheat, Salt), Dehydrated Garlic, Flavour Enhancer (INS 635), Pepper Powder, Onion Powder, Natural Colour (INS 150d), Acidity Regulator (INS 260), Thickener (INS 415), Sunflower Oil, Anticaking Agent (INS 551), Chilli Powder"
Schezwan instant noodles,Chings,"Refined Wheat Flour (Maida), Refined Palm Oil, Iodised Salt, Wheat Gluten, Thickener (INS 508), Stabilizer (INS 451 (i)), Acidity Regulator (INS 501 (i)), Raising Agent (INS 500 (ii)), Antioxidant (INS 319), Corn Starch, Iodised Salt, Dehydrated Garlic, Sugar, Mixed Spices [Chilli (5.1%), Ginger], Dehydrated Onion, Flavour Enhancer (INS 635), Soy Sauce Powder [Colour"
Paneer chilli masala,Chings,"Corn Flour, lodised Salt, Dehydrated Garlic, Mixed Spices (6%) [Chilli Ginger, Cumin, Coriander, Pepper], Sugar, Onion Powder, Natural Colour (INS 150d), Flavour Enhancer (INS 635), Tomato Powder, Soy Sauce Powder (Soybean, Wheat, Salt), Anticaking Agent (INS 551), Thickening & Stabilizing Agent (INS 415), Dried Glucose Syrup, Sunflower Oil, Acidity Regulator"
Veg manchurian masala,Chings,"Corn Flour, Mixed Spices 22% (garlic, onion, ginger, cumin, chilli, coriander, pepper), Salt, Sugar, Soy Sauce Powder (soybean, wheat, salt), Natural Colour (E150d), Flavour Enhancer (E635), Stabilizing Agent (E415), Acidifying Agent (E260), Anticaking Agent (E551), Sunflower Oil"
Hot & sour instant soup,Chings,"Corn Flour, Dehydrated Vegetables (20%) [Carrot, Cabbage, Mushroom], Iodised Salt, Sugar, Dried Glucose Syrup, Dehydrated Garlic, Flavour Enhancer (INS 635), Onion Powder, Natural Colour (INS 150d), Chilli Powder, Acidity Regulator (INS 260), Soy Sauce Powder (Soybean, Wheat, Salt), Thickener (INS 415), Pepper Powder, Sunflower Oil, Anticaking Agent (INS 551)"
Sweet corn soup,Chings,"Corn Flour, Sugar, Dehydrated Vegetables (20%) [Sweet Corn (13%), Carrot, Cabbage], Iodised Salt, Dried Glucose Syrup, Flavour Enhancer (Ins 635), Thickener (Ins 415), Acidity Regulator (Ins 330), Onion Powder, Yeast Extract, Soy Sauce Powder (Soybean, Wheat, Salt), Garlic Powder, Sunflower Oil, Pepper Powder, Anticaking Agent (Ins 551), Chilli Powder, Turmeric Powder,"
Momo Chutney,Chings,"Water, Garlic, Refined Cotton Seed Oil [Antioxidant (Ins 319)], Ginger, Dried Glucose Syrup, Green Chilli Paste (Green Chilli, Lodised Salt, Acidity Regulator (Ins 260), Preservative (Ins 211)), Tomato Paste, Lodised Salt, Sugar, Chilli, Thickener (Ins 1422), Dehydrated Garlic, Acidity Regulator (Ins 260), Flavour Enhancer (Ins 635), Colour (Ins 160C (I)), Natural Flavour, Preservatives (Ins 211, Ins 202)"
American cream & onion potato chips,Too Yumm,"Potato, Edible Vegetable Oil (Rice Bran), Seasoning (Sugar, Maltodextrin, Iodised Salt), *Spices & Condiments (Onion Powder, Parsley Powder), Milk Products (Milk Solids, Cheese Powder), Flavour Enhancers, Gelling Agent, Anticaking Agent, Stabilizer, Natural and Nature Identical Flavouring Substances"
Indian masala flavour potato chips,Too Yumm,"Potato (56%), Edible Vegetable Oil (Rice Bran Oil), Seasoning [Iodised Salt, Spices & Condiments (Contains Onion and Garlic), Sugar, Rice Flour, Hydrolyzed Vegetable Protein, Mango Juice Powder, Tomato Powder, Anticaking Agent (INS 551), Acidity Regulators (INS 296, INS 334, INS 330), Flavour Enhancers (INS 627, INS 631), Colour (INS 160c), Natural and Nature Identical Flavouring Substances]"
Chilli chataka veggie stix,Too Yumm,"Corn Flour (47%), Rice Flour (30%), Edible Vegetable Oil (Palmolein Oil), Seasoning (Iodised Salt, Sugar, Spices & Condiments (Contains Chilli (5%), Garlic and Onion)), Acidity Regulator (INS 330), Anticaking Agent (INS 551), Dehydrated Herb, Flavour Enhancers (INS 627, INS 631), Antioxidant (INS 300), Natural and Nature Identical Flavouring Substances, Refined Wheat Flour (Maida) (2.5%), Sugar, Potato Powder (1.5%), Tomato Powder (0.8%), Anticaking Agent (INS 170), Iodised Salt, Yeast Extract"
Dahi papdi chaat mutigrain chips,Too Yumm,"Corn Flour (31%), Whole Wheat Flour (Atta) (22%), Edible Vegetable Oil (Rice Bran Oil), Rice Flour (18%), Seasoning [Sugar, lodised Salt, *Spices & Condiments, Black Salt, Acidity Regulators (INS 330, INS 334), Milk Solids, Anticaking Agent (INS 551), Natural and Nature Identical Flavouring Substances, Stabilizer (INS 414), Flavour Enhancers (INS 627, INS 631)], Gram Flour (5%), Oats (1%), Anticaking Agent (INS 170), Colour (INS 150d)"
Bhoot chips,Too Yumm,"Potato, Edible Vegetable Oil (Rice Bran Oil), Sugar, Spices and Condiments (Chilli), Iodised Salt, Maltodextrin, Nature Identical Flavouring Substances, Starch, Acidity Regulator (INS 33), Anticaking Agent (INS 551, INS 47), Flavour Enhancer (INS 627, INS 631), Emulsifying and Stabilizing Agent (INS 471), Natural Flavouring Substances"
Sour Cream & Onion Crisps Veggie Stix,Too Yumm,"Corn Flour (43%), Rice Flour (27%), Edible Vegetable Oil (Rice Bran Oil), Seasoning [Sugar, Maltodextrin, Iodised Salt, Milk Solids, Spices and Condiments (Contains Onion), Shortening Powder [Stabilizers (INS 339(ii), INS 340(ii), INS 407), Emulsifier (INS 471), Anticaking Agent (INS 551), Acidity Regulator (INS 331(iii))], Natural and Nature-Identical Flavouring Substances, Acidity Regulators (INS 296, INS 330), Flavour Enhancer (INS 635), Herb, Anticaking Agent (INS 551), Yeast Extract], Refined Wheat Flour (Maida) (2.3%), Sugar, Potato Powder (1.4%), Spinach Powder (0.8%), Anticaking Agent (INS 170), Iodised Salt, Yeast Extract, Colour (INS 141(ii)) +Used as Natural Flavouring Agent"
Salted peanuts,Too Yumm,"Peanuts (97%), Iodised Salt (1.1%), Edible Vegetable Oil (Rice Bran)"
Masala banana chips,Too Yumm,"Banana (67%), Edible Vegetable Oil ,(Rice Bran Oil), Seasoning [lodised Salt, *Spices and Condiments (Contains Onion, Garlic, Chilli), Maltodextrin, Sugar, Black Salt, Natural and nature Identical Flavouring Substances, Yeast Extract, Flavour Enhancers (INS 627, INS 631), Acidity Regulator (INS 330, INS 296), Anticaking Agent (INS 551), Antioxidant (INS 319)]
"
Karare munchy masala,Too Yumm,"Rice Grits, Corn Grits, Edible Vegetable Oil (Rice Bran Oil), Seasoning [Maltodextrin, lodised Salt, Spices and Condiments (Contains Onion and Garlic), Sugar, Acidity Regulator (INS 330), Natural & Nature Identical Flavouring Substances, Flavour Enhancers (INS 627, INS 631), Anticaking Agent (INS 551), Chilli]"
Puffs Savage masala,Too Yumm,"Corn Grits, Edible Vegetable Oil (Rice Bran), Rice Grits, Seasoning [Iodised Salt, *Spices & Condiments (Contains Onion and Garlic), Maltodextrin, Black Salt, Sugar, Natural and Nature Identical Flavouring Substances, Flavour Enhancer (INS 627, INS 631), Tomato Powder, Acidity Regulator (INS 33, INS 296), Anticaking Agent (INS 551), Antioxidant (INS 319)], Anticaking Agent (INS 17), Iodised Salt"
Mshti Doi,Mother Dairy," Milk, Sugar, Milk Solids and Active Lactic Culture"
Masala Chach,Mother Dairy,"Ingredients: Water, Milk, Milk Solids, lodized salt, Stabilizers (440), Seasoning, Acidity Regulator (330), Black Salt and Lactic Culture."
Processed cheese cubes,Mother Dairy,"Cheese, Water, Milk Solids,Emulsifier [INS 331 (iii),INS 452 (i)], lodized Salt, Acidity Regulator (INS 260) and Preservative (INS 200)."
Fruit yoghurt - blueberry,Mother Dairy,"Milk, Sugar (12.5%), Milk Solids, Blueberry Fruit Preparation-4% [Blueberry Fruit (50% of Fruit Preparation), Water, Thickener (1442), Acidity Regulator (330) and Preservative (202)], Thickener (1442), Dried Citrus Pulp and Active Lactic Culture"
Chocolate cookie crumb ice cream,Mother Dairy,"Water, Milk Solids, Sugar, Cookies -8% Refined Wheat flour (Maida), Sugar, Edible Vegetable Fat (Hydrogenated) (Palm Oil & its Fractions, Sesame Oil), Invert Syrup,"
Kashmirilal ground chilli powder,Everest,chilli
Chhole masala,Everest,"Coriander, Dried Mango, Chilli, Cumin, Cassia Leaf, Mint Leaf, Pomegranate seed, Mustard, Cassia Bark (Taj), Clove, Black Pepper, Fennel, Dried Ginger, lodized Salt, Black Salt, Nutmeg, Mace, Caraway, Black Cardamom, Turmeric, Bishop's Weed, Compounded Asafoetida, Tamarind and Citric Acid."
Chicken masala,Everest,"Coriander, Chilli, Cumin, Black Pepper,
Garlic, Cassia Bark (Taj),
Dried Ginger, Nutmeg,
Mace, Clove, Black Cardamom, Fenugreek, Dried Fenugreek Leaf, Black gram, Bengal gram, Compounded Asafoetida, lodized Salt and Turmeric."
Chaat masala,Everest,"
Rock Salt, Black Salt, Dried Mango, Cumin, Pomegranate seed, Black Pepper, Dried Ginger, Chilli, Mint Leaf, Nutmeg, Bishop's Weed, Citric Acid and Compounded Asafoetida."
Sabji masala,Everest,"Coriander, Chilli, Dried Mango, Cassia Leaf, Cumin, Turmeric, Black Pepper, Clove, Dried Ginger, Black Cardamom, Nutmeg, Iodised Salt"
Pani Puri masala,Everest,"Rock Salt, Dried Mango, Cumin, Chilli, Black Salt, Mint Leaf, Black Pepper, Dried Ginger, Tamarind, Citric Acid"
"Britannia Nutrichoice Digestive High-Fibre Biscuits, 960 g",Britannia,"WHEAT FLOUR (ATTA) (65.5%), REFINED PALM OIL, SUGAR, WHEAT BRAN (2.6%), MALTODEXTRIN, MILK PRODUCTS [MILK SOLIDS & WHEY POWDER], INVERT SUGAR SYRUP, RAISING AGENTS [503(ii) & 500(ii)], IODISED SALT, EMULSIFIERS [322(i) & 471], MALT EXTRACT, NATURE IDENTICAL & ARTIFICIAL (VANILLA)"
Good Day - Nuts Cookie,Britannia,"The ingredients listed on the image are: Wheat flour (Maida), Vegetable oil (Palm), Sugar, Invert syrup, Almond (1.7%), Emulsifiers (322, 472e), Milk solids, Raising agent (503(ii)), Butter (1.5%), Emulsifiers (322), Colour (160a) and added flavours (Nature identical and artificial), with permitted synthetic food colours (110) and added flavours (Nature identical and artificial). It contains wheat, nuts, milk, and soya"
Potato Chips - Cream & Onion,Lay's ,"Potato, Edible Vegetable Oil (Palmolein, Sunflower Oil), Seasoning (Sugar, Iodized Salt, Milk Solids, Spices And Condiments, Maltodextrin, Flavour (Natural And Nature Identical Flavouring Substances), Cheese Powder, Hydrolysed Vegetable Protein, Flavour Enhancers (627, 631), Edible Vegetable Oil (Palm, Coconut), Anticaking Agent (551). *as Flavouring Agent. Contains"
Hot N Sweet Potato Chips,Lay's ,"Potato, Edible Vegetable Oil (Palmolein Oil), Seasoning (Sugar, Maltodextrin, Iodised Salt, Flavour (Natural and Nature Identical Flavouring Substances), Spices & Condiments, Flavour Enhancers (627 & 631)), Edible Vegetable Oil (Palm, Sunflower, Peanut), Hydrolysed Vegetable Protein, Anticaking agent (551), Cocoa Solids, Lactose, As flavouring agent, Contains Onion"
Potato Chips - India's Masala Magic Flavour,Lay's ,"Potato, Edible Vegetable Oil (Palmolein, Sunflower Oil), Seasoning (~spices And Condiments, Iodized Salt, Maltodextrin, Black Salt, Sugar, Tomato Powder, Acidity Regulators (330, 296, 334), Flavour (Natural And Nature Identical Flavouring Substances), Anticaking Agent (551), Colour (160c)). As Flavouring Agent. Contains Onion And Garlic."
Namkeen - Masala Munch,Kurkure,"Rice Meal, Edible Vegetable Oil, Corn Meal, Spices And Condiments (Onion Powder, Chilli Powder, Coriander Powder, Ginger Powder, Garlic Powder, Black Pepper Powder, Turmeric Powder, Fenugreek Powder), Salt, Black Salt, Tomato"
"Muesli Fruit, Nut & Seed",Kellogg's,"Multigrain Mix (66%) {Corn Grits (18.3%), Wheat (16.5%) Rolled Barley (8%), Rolled Oats (8%), Rice (9.7%), Ragi Millet Flour (3.5%), Rice Flour, Corn Meal, Refined Wheat Flour (Maida)], Candied Fruits, Dry Fruits, Nut & Seed (21%)"
Multi Grain,Kellogg's,"Multigrain Flour Mix (64.8%), Wheat Flour (Atta) (55.8%), Sorghum (Jowar) Flour (3%), Rice Flour (3%), Corn Meal (3%), Sugar, Cocoa Solids (5.3%), Minerals, Cereal Extract, Iodized Salt, Colours (INS 150a, INS 150d), Edible Vegetable"
Mixed fruit juice,Real,"Water, Sugar, Concentrated Mixed Fruit juice (8.2%)^
[From Apple, Orange, Guava,
Passion Fruit, Pineapple). Acidity Regulator (INS 330).
and Antioxidant (INS 300).
Apricot, Mango, Banana, Lim Stabilizer (INS 440), Flavours (Natural and Nature Identica Flavouring Substances), Colour [INS 160a (ii) & (iii)]"
Alphonso Mango juice,Real,"Water, Alphonso Mango Pulp (22%)^, Sugar, Acidity Regulator (INS 330), Stabilizer (INS 440), Antioxidant (INS 300), Colour [INS 160 a (iii)) and Flavours (Natural Flavouring Substances)."
Pomogranate juice,Real,"Water, Pomegranate Juice (30%)^, Sugar, Liquid Glucose, Acidity Regulator (INS 330), lodized Salt, Antioxidant (INS 300), Colour [INS 163(ii)] and Flavours (Natural Flavouring Substances)."
Orange juice,Real,"Water, Sugar, Concentrated Orange Juice
(6.45%). Acidity Regulator (INS 330), lodized Salt. Flavours (Natural and Nature Identical Flavouring Substances), Stabilizer (INS 466), Antioxidant (INS 300) and Colour [INS 160a (iii)"
Cranberry juice,Real,"Water, Sugar, Concentrated
Cranberry Juice (1.8%)^,
Concentrated Apple Juice
(0.79%)^, Acidity Regulator
(INS 330), Flavours (Natura
and Nature Identical
Flavouring Substances),
Antioxidant (INS 300) and
Colour [INS 163 (ii)]."
Guava juice,Real,"Water, Guava Pulp (24.9%), Sugar, Acidity Regulator (Ins 330), Stabilizer (Ins 440), Antioxidant (Ins 300) And Salt. Contains Added Nature Identical Guava Flavour. No Added Colour Or Preservatives."
Pineapple juice,Real,"Water, Concentrated
Pineapple Juice (8.5%)^.
Sugar, Acidity Regulator (INS 330), Stabilizer (INS 440), Flavours (Natural and Nature Identical Flavouring Substances) and Antioxidant (INS 300)."
Mosambi juice,Real,"
Water, Sweet Lime (Mosambi) Juice Concentrate (24.10%)*, Sugar, Antioxidant (Ins 300) And Acidity Regulator (Ins 330)"
Apple juice,Real,"Water, Sugar, Liquid Glucose, Apple Juice Concentrate (3.30%), Acidity Regulator (INS 296), Antioxidant (INS 300), Permitted Natural Colour (INS 160A), Added Natural Apple Flavour"
Litchi juice,Real,"Water, Sugar, Litchi Pulp (20.1%), Concentrated Litchi Pulp (0.42%)^, Stabilizers (INS 440). Acidity Regulator (INS 296), Antioxidant (INS 300) and Flavours (Nature Identical Flavouring Substances)."
Rose syrup,Malas,"Sugar, Water, Rose Extract (10%), Rose Petals (2% Citric Acid (E 330) Contains Permitted Synthetic Food Colour (E 122) & Added Flavours (Natural, Natural Identical & Artificial Flavouring Substances) Rose Contains Permitted Class Ii Preservatives (E 224)"
Pineapple crush,Malas,"Sugar, Pineapple Pulp (35%), Water, Thickener (E440), Acidity Regulator (E 330 & E 331(I)), Firming Agent (E 509). Contains Permitted Nature Identical & Artificial Flavouring Substances (Pineapple). Contains Permitted Synthetic Food Colours (E 102) Contains Class II Preservatives (E 21i, E 202)"
Litchi crush,Malas,"Sugar, Litchi Pulp (35%)., Water, Thickener (E 440), Acidity Regulator (E 330 & E 331()), Firming Agent (E 509), Permitted Nature Identical Flavouring Substances (Litchi), Permitted Synthetic Food Colours (E 171), Class Ii Preservatives (E 211, E 202)"
Blackcurrant crush,Malas,"Sugar, Black Currant Pulp (35%), Water, Thickener (E 440), Acidity Regulator (E 330 & E 331(I)), Firming Agent (E 509), Contains Permitted Nature Identical Flavouring Substances (Black Currant), Contains Permitted Synthetic Food Colours (E 122, E 133 &E 127), Contains Class Ii Preservatives (E 223, E 211, E 202)"
Kala Khatta,Malas,"Sugar, Water, Grape Juice (15%), Blackcurrant Juice (10%) Thickening Agent (E 440), Acidity Regulator (E 330) Contains Permitted Natural (E 150d) & Synthetic Food Colour (E 122) & Added Flavours (Natural, Nature Identical& Artificial Flavouring Substances) Kalakhatta Contains Permitted (Lass Ii Preservatives (E 211 & E 202)."
Khus syrup,Malas,"Sugar, Water, Khus Extract (10%), Citric Acid (E 330), Contains Permitted Synthetic Food Colour (E 133 &E I02) Added Flavours (Natural & Nature Identical Flavouring Substances) Khus Contains Permitted Class II Preservatives (E224)"
Strawberry crush,Malas,"Sugar, Strawberry Whole Fruits (35%), Water Thickener (E 440), Acidity Regulator (E 330), Permitted Synthetic Food Colours (E 122), Added Flavours Natural, Nature Identical, Artificial Flavouring Substances (Strawberry), Permitted Class II Preservatives (E 223, E 211)"
Rooh Afza,Hamdard,"Sugar syrup 87.8%, Distillate of (Gul Neelofar, Dhania, Khas Hindi, Gulab, Kasni, Chharila, Berg Gawzaban, Pudina, Sandal Safaid, Tukhm Gazar, Munaqqa) 4.5%, Pineapple Juice 2.6%, Orange Juice 1.0%, Acidity regulator (INS 330) 0.15%, Distillate of Keora and Gulab used as natural flavouring agent."
Nagpur orange,Rasna,"SUGAR, FRUIT JUICE POWDER, FRUITAND VEGETABLE EXTRACT, ACIDITY REGULATOR (INS 330), MALTODEXTRIN, EMULSIFYING AND STABILIZING AGENTS (INS 414, INS 415 INS 331.), GLUCOSE, FLAVOURS (NATURAL AND NATURE IDENTICAL FLAVOURING SUBSTANCES-ORANGE), FOOD COLORS (INS 171, INS 110, INS 102), VITAMINS, MINERALS SWEETENERS (INS 955, INS 960, INS 061), ANTICAKING AGENT (INS 551).
"
Mango Powder,Rasna,"SUGAR, FRUIT JUICE POWDER, FRUITAND VEGETABLE EXTRACT, ACIDITY REGULATOR (INS 330), MALTODEXTRIN, EMULSIFYING AND STABILIZING AGENTS (INS 414, INS 415, INS 331.), GLUCOSE, FLAVOURS (NATURAL AND NATURE IDENTICAL FLAVOURING SUBSTANCES-MANGO), FOOD COLORS (INS 171, INS 102, INS 110). VITAMINS MINERALS, SWEETENERS (INS 955, INS 960, INS 961), ANTICAKING AGENT (INS 551)"
American Pineapple,Rasna,"Fruit Juice/Fruit Powder, Acidity Regulators (INS 330, INS 296, INS 297), Glucose, Lactose, Emulsifiers & Stabilisers (INS 414, INS 331, INS 415), Edible Oils, Class I & II Preservatives (INS 211, INS 224), Mineral (INS 341), Other Minerals, Vitamins and Permitted Anticaking Agent (INS 551). Contains Permitted Synthetic Food Colour(s) (INS 102, INS 171) And Added Flavour(s) (Natural and Nature Identical Flavouring Substances (Pineapple)"
Insta Lemon,Rasna,"Sugar, Fruit Juice Powder, Fruit And Vegetable Extracts, Acidity Regulator (Ins 330), Glucose, Emulsifying And Stabilizing Agents (Ins 414, Ins 331, Ins 415). Vitamins, Minerals, Anticaking Agent (Ins 551) Contains Permitted Synthetic Food Colors (Ins 171, Ins 102) And Added Flavour(S) (Natural And Nature Identical Flavouring Substances (Lemon)."
Insta Mixed fruit,Rasna,"Sucrose, Mixed Fruit juice powder, Mixed Fruit and Vegetable Extracts, Acidity regulator (INS 330), Glucose, Emulsifying and Stabilising agents (INS 414, INS 331, INS 415), Vitamins, Minerals, Anticaking agent (INS 551)"
 Corn Rings,Crax,"Corn Grits (64%), Edible Vegetable Oil (Refined Palmolein Oil), *Seasoning [Sugar, Iodised Salt, Onion Powder (0.98%), Spices (Chilli, Cumin, Turmeric), Hydrolysed Soy Protein, Garlic Powder, Maltodextrin, Coriander, Acidity"
Curls Chatpata Masala Corn Puffs,Crax,"Corn Grits (65%), Edible Vegetable Oil (Refined Palmolein Oil), *Seasoning [Iodised Salt, Sugar, Onion Powder, Corn Starch, Chilli Powder, Garlic Powder, Hydrolysed Soy Protein, Coriander, Acidity Regulators (INS 330, INS 296),"
Mast Matar Namkeen,Crax,"Peas (74%), Edible Vegetable Oils (Refined Palmolein Oil and Refined Cotton Seed Oil), *Seasoning (Maltodextrin, Onion powder, Coriander Powder, Chili Powder, Cumin Powder, Amchur Powder, Garlic powder, Black Pepper"
Fritts Cream & Onion Corn & Potato Sticks,Crax,"Corn Grits (59%), Edible Vegetable Oil (Refined Palmolein Oil), Potato Solids (6.5%), *Seasoning [Sugar, Iodised Salt, Onion Powder (1.05%), Rice flour, Milk Solids (0.81%), Maltodextrin, Cheese Powder (0.22%), Anticaking"
Cheese Balls,Crax,"Corn Grits, Edible vegetable oil (Refined Palmolein oil), *Seasoning [Sugar, Maltodextrin, Milk Solids, Iodised Salt, Edible Vegetable Fat (Vanaspati), Dried Glucose, Stabilisers (INS 339(ii), INS 340(ii), INS 407), Dextrose, Emulsifier"
 Orange,Tang,"Sugar, Acidity Regulator (330), Orange Fruit Powder (0.9%*), Anticaking Agent (341(iii), Vitamins, Stabilizers (415, 466), Colours (171, 110, 102), Natural Flavouring Substances, Sweetener (955), lodised"
Lemon,Tang,"Sugar, Acidity Regulator (330), Lemon Fruit Powder (0.9%*), Iodised Salt, Vitamins, Anticaking Agent"
Chocolate Flavoured Milk,Smoodh ,"Milk Solids, Water, Sugar, Cocoa Solids (1%), Malt Extract, Emulsifiers & Stabilizers (INS 460), INS 471, INS 466, INS 407, INS 340, INS 452). Nature-Identical and Artificial Flavouring Substances and Salt. *(Equivalent to 90% M/M Double Toned Milk). Contains permitted added Flavour(Nature-Identical and Artficial Flavouring Substances (Chocolate). (INS-Internal"
Kesar Badam Flavoured Milk,Smoodh ,"Milk Solids*, Sugar, Emulsifiers And Stabilizers [INS 460(I), INS 471, INS 466, INS 407, INS 340, INS 452], Food Colour (INS 150c), Nature Identical Flavouring Substance (Kesar Badam), And Iodised Salt. *Equivalent To 90% m/m Double Toned Milk."
Ice Cream Shake Mango,Arun Icecreams,"Milk Solids, Mango Pulp (12%) (Mango, Acidity Regulator (330)), Sugar, Water, Liquid Glucose, Fructose, Lemon Juice, Humectant (422), Emulsifier (471), Stabilisers (410, 412 & 407), Colors (102, 110), Natural Flavour & lodised Salt."
Pista Flavored Ice Cream,Arun Icecreams,"INGREDIENTS: Milk Solids, Sugar, Water, Pista (2.6%), Liquid Glucose,Emulsifiers (471, 477), Stabilizers (410, 412), Nature-Identical Flavoring Substances & Colors (102, 133). Allergen Information: Contains Milk & Nuts. Manufactured in the same facility which processes Wheat, Oats & Soy."
Triago Vanilla Flavored Ice Cream,Arun Icecreams,"Inner Layer (57%): Ice Cream (Milk Solids, Sugar, Water, Liquid Glucose, Vanilla Powder, Emulsifiers (471, 477), Stabilisers (410, 412) & Natural Flavouring Substances). Outer Coating (43%): Penuche Choco Coating (Fractionated Fat (Sal, Palm & Emulsifier (Soy Lecithin)), Sugar, Milk Solids, Brown Sugar (2%), Cocoa Butter, Edible Vegetable Oil (Sunflower Oil), Cocoa"
Magnum Ice Cream Sticks - Almond,Kwality Wall's ,"Ice Cream: Water, Milk Solids, Sugar, Liquid Glucose, Emulsifier (E471), Stabilisers (E410, E412, E407), Natural Colour (Beta Carotene), Natural Flavouring; Chocolate Coating: Sugar, Cocoa Mass, Cocoa Butter, Emulsifier (Soya Lecithin), Stabiliser (E476); Almonds"
The Dairy Factory Chocolate Ice Cream,Kwality Wall's ,"Water, Sugar, Palm Oil, Milk Solids, Liquid Glucose, Cocoa Solids, Vegetable Protein (Soy), Emulsifier (E471), Stabilisers (E412, E410, E407)"
Cornetto - Butterscotch Frozen Dessert,Kwality Wall's ,"Ice Cream (66%): Milk Solids, Sugar, Permitted Emulsifiers (E471), Stabilizers (E407, E466, E415, E412); Topping and Spray (20%): Chocolate, Coconut Oil"
The Dairy Factory Vanilla Ice Cream,Kwality Wall's ,"Water, Milk Solids, Sugar, Liquid Glucose, Emulsifiers and Stabilizers (permitted); rich creamy vanilla flavor"
Maggi 2 Minute Noodles - Masala,Nestle ,"Refined wheat flour (maida), palm oil, refined palmolein oil, wheat gluten, salt, onion, cabbage, carrot, green peas, spices (coriander, turmeric, chili, cumin), hydrolyzed peanut protein, yeast extract, sugar, acidity regulators (471, 330), thickener (508), flavour enhancers (621, 627, 631), antioxidants (319, 320)"
KitKat Chocolate,Nestle ,"Sugar, wheat flour, vegetable fats (palm, shea, sal, illipe, mango kernel), cocoa mass, cocoa butter, milk powder, whey powder, emulsifiers (soya lecithin, E476), yeast, raising agent (sodium bicarbonate), salt, natural vanilla flavour."
Milkybar Chocolate,Nestle ,"Sugar, full cream milk powder, cocoa butter, emulsifier (soya lecithin), natural vanilla flavour."
Falero pulpy fruit chews,Mapro,"Strawberry Pulp (33%), Liquid Glucose (33%), Invert Sugar, Cane Sugar, Thickener (INS-440), Acidity Regulator (INS-330)"
Mixed fruit jam,Mapro,"Sugar, Mix Fruit Pulp (Papaya Pulp, Guava Pulp, Banana Pulp, Mango Pulp, Pineapple Pulp, Apple Pulp, Orange Juice, Strawberry Pulp) (45%), Water, Acidity Regulator (INS-330), Thickener (INS-440), Preservative (INS-211), Contains Permitted Synthetic Food Colour (INS-122) and Added Flavours-Natural, Nature Identical and Artificial Flavouring Substances (Mix Fruit)"
Mango crush,Mapro,"Sugar, Mango Pulp (27%), Water, Acidity Regulator (ins-330), Thickener (ins-440)"
Chataka Pataka,Balaji,"RICE MEAL (43%), EDIBLE VEGETABLE OIL (PALMOLEIN, RICE BRAN), CORN MEAL (13%), CHICKPEA FLOUR, EDIBLE COMMON SALT, SPICES & CONDIMENTS 2% (CUMIN, CHILLI, BLACK PEPPER, DRY MANGO), DEHYDRATED VEGETABLE POWDER (ONION, GARLIC), SUGAR, ACIDITY REGULATOR (INS 330), ANTICAKING AGENT (INS 551), FLAVOUR ENHANCER (INS 627, INS 631), NATURAL AND NATURE IDENTICAL FLAVOURING SUBSTANCES (GARLIC, BLACK PEPPER), PAPRIKA EXTRACT (INS 160C)"
Masala sev murmura,Balaji,"PUFFED RICE (45%), CHICKPEA FLOUR (25%), EDIBLE VEGETABLE OIL (PALMOLEIN, RICE BRAN), SPICES & CONDIMENTS 4% (CHILLI, BLACK PEPPER, CURRY LEAVES, OREGANO, ASAFOETIDA, CUMIN, GINGER), DEHYDRATED VEGETABLE POWDER (GARLIC, TAMARIND, ONION), RICE FLOUR, EDIBLE COMMON SALT, BLACK SALT, SUGAR, HYDROLYZED VEGETABLE PROTEIN (SOYA), NATURAL & NATURE IDENTICAL FLAVOURING SUBSTANCES (CHILLI, GARLIC), ACIDITY REGULATOR (INS 330), ANTICAKING AGENT (INS 551), FLAVOUR ENHANCER (INS 627, INS 631)"
Wheels,Balaji,"REFINED WHEAT FLOUR (MAIDA) (60%), EDIBLE VEGETABLE OIL (PALMOLEIN, RICE BRAN), TAPIOCA STARCH, CORN FLOUR, EDIBLE COMMON SALT, DEHYDRATED VEGETABLE POWDER (ONION, GARLIC, TAMARIND), SPICES & CONDIMENTS 2% (DRY MANGO, CHILLI, PEPPER, CUMIN), SUGAR, YEAST EXTRACT, ACIDITY REGULATOR (INS 296, INS 330, INS 334), NATURAL & NATURE IDENTICAL FLAVOURING SUBSTANCES (MASALA), FLAVOUR ENHANCER (INS 627, INS 631), ANTICAKING AGENT (INS 551, INS 341 (III)), PAPRIKA EXTRACT (INS 160C)
"
Chat Chaska,Balaji,"POTATO (88%), EDIBLE VEGETABLE OIL (PALMOLEN), EDIBLE COMMON SALT, SPICES & CONDIMENTS 0.5% (CUMIN, CHILLI, PARSLEY, GINGER, CINNAMON, BLACK PEPPER, DRY MANGO), DEHYDRATED VEGETABLE POWDER (ONION, GARLIC), SUGAR, MALTODEXTRIN, FLAVOUR ENHANCER (INS 627, INS 631), ACIDITY REGULATOR (INS 296, INS 330), ANTICAKING AGENT (INS 551), NATURAL & NATURE IDENTICAL FLAVOURING SUBSTANCES (CHAAT)"
Aloo sev,Balaji,"EDIBLE VEGETABLE OIL (PALMOLEIN), POTATO FLAKES (25%), CHICKPEA FLOUR (25%), RICE FLOUR, MALTODEXTRIN, EDIBLE COMMON SALT, SPICES & CONDIMENTS (DRY MANGO, CUMIN, FENNEL, CHILLI, CORIANDER, CLOVE, TURMERIC, PEPPER, CARDAMOM, GINGER), DEHYDRATED VEGETABLE POWDER (MINT 0.2%, GARLIC, TAMARIND), NATURAL & NATURE IDENTICAL FLAVOURING SUBSTANCES (MINT), ACIDITY REGULATOR (INS 330, INS 296), FLAVOUR ENHANCER (INS 635), ANTICAKING AGENT (INS 551, INS 341 (III))"
Simply salted,Balaji,"Potato (89%), Edible Vegetable Oil (Palmolein), lodized Salt (0.4%)"
Cream & Onion ,Balaji,"Potato (88%), Edible Vegetable Oil (Palmolein), Milk Solids (0.7%), Sugar, Iodized Salt, Onion Powder (0.4%), Herbs (Chives, Parsley), Acidity Regulator (INS 330), Anticaking Agent (INS 551)"
Sev murmura,Balaji,"PUFFED RICE (50%), CHICKPEA FLOUR (24%), EDIBLE VEGETABLE OIL (PALMOLEIN, RICE BRAN), RICE FLOUR, EDIBLE COMMON SALT, SPICES & CONDIMENTS (TURMERIC, CHILLI, CLOVE, GINGER, ASAFOETIDA, CURRY LEAVES)"
Farali Chevdo,Balaji,"POTATO (75%), ROASTED PEANUT (12%), EDIBLE VEGETABLE OIL (PALMOLEIN), SUGAR, ROCK SALT, SPICES & CONDIMENTS (CHILLI, CORIANDER, CUMIN, TURMERIC, DRY MANGO, CLOVE, CAROM SEED, GINGER, CINNAMON, CARDAMOM, NUTMEG, MACE, BAY LEAVES)"
Masala Masti,Balaji,"POTATO (87%), EDIBLE VEGETABLE OIL (PALMOLEIN), SUGAR, SPICES & CONDIMENTS 1% (CHILLI, DRY MANGO, CORIANDER, CUMIN, BLACK PEPPER, GINGER, CLOVE), EDIBLE COMMON SALT, BLACK SAL"
Curry Instant Noodles,Top Ramen,"NOODLES (85%): Wheat Flour, Edible Vegetable Oil (Palm), Iodised Salt, Acidity Regulators (INS 500(ii), INS 451(iii)), Thickener (INS 412) & Antioxidant (INS 319)., SEASONING MIX (15%): Corn Starch, Iodised Salt, Sugar, Onion Powder, Spice Mix - 8.8% Red Chilli, Turmeric, Coriander, Cumin, Ginger, Cinnamon, Fenugreek, Clove & Asafoetida., Noodle Powder (Wheat Flour, Edible Vegetable Oil (Palm), Iodised Salt, Acidity Regulators (INS 500(ii), INS 451(iii), Thickener (INS 412) & Antioxidant (INS 319))., Edible Vegetable Oil (Palm), Flavour Enhancers (Yeast Extract, INS 627, INS 631), Garlic, Tomato Powder, Acidity Regulator (INS 330), Colours (INS 160c(ii), INS 150d), Anticaking Agent (INS 551) & Antioxidant (INS 319)."
Instant Masala noodles,Top Ramen,"Noodles (91%): Wheat Flour, Edible Vegetable Oil (Palm), Iodised Salt, Acidity Regulators (INS 451(i), INS 500(ii)), Spice Mix 0.17% (Turmeric, Coriander, Cumin & Red Chilli), Antioxidant (INS 319) & Thickener (INS 412)., Seasoning Mix (9%): Sugar, Spice Mix 17.51% (Coriander, Turmeric, Cumin, Red Chilli, Ginger, Fenugreek, Black Pepper, Clove, Cinnamon, Green Cardamom, Nutmeg & Star Anise), Iodised Salt, Hydrolysed Vegetable Protein (Soya), Onion Powder, Noodle Powder (Wheat Flour, Edible Vegetable Oil (Palm), Iodised Salt, Acidity Regulators (INS 451(i), INS 500(ii)), Spice Mix 0.17% (Turmeric, Coriander, Cumin & Red Chilli), Antioxidant (INS 319) & Thickener (INS 412)), Corn Starch, Garlic Powder, Flavour Enhancers (INS 631, INS 627, Yeast Extract), Acidity Regulator (INS 330) & Colour (INS 100(ii))."
Instant curry noodes,Top Ramen,"Noodles (85%): Refined Wheat Flour (Maida), Edible Vegetable Oil (Palm Oil), Iodised Salt, Acidity Regulators (INS 500(ii) & INS 451(i)), Thickener (INS 412) & Antioxidant (INS 319)., Seasoning Mix (15%): Corn Starch, Iodised Salt, Sugar, Onion Powder, Mixed Spices 7.9% (Red Chili, Turmeric, Cumin, Ginger, Cinnamon, Fenugreek, Clove & Asafoetida), Noodle Powder (Refined Wheat Flour (Maida), Edible Vegetable Oil (Palm Oil), Iodised Salt, Acidity Regulators (INS 500(ii) & INS 451(i)), Thickener (INS 412) & Antioxidant (INS 319)), Yeast Extract Powder, Edible Vegetable Oil (Palm Oil), Garlic Powder, Tomato Powder, Flavour Enhancers (INS 631 & INS 627), Dehydrated Green Coriander Leaves, Acidity Regulator (INS 330), Colours (INS 160c(i) & INS 150d), Nature Identical Flavour & Anticaking Agent (INS 551)."
Fiery Chillli Instant Noodles,Top Ramen,"NOODLES [89.29%]: Wheat Flour, Edible Vegetable Oil (Palm), Iodised Salt, Acidity Regulators (INS 451(i), INS 500(i)), Red Chilli Powder, Colour (INS 160c(ii)), Antioxidant (INS 319) & Thickener (INS 412), SEASONING MIX [10.71%]: Sugar, Iodised Salt, Noodle Powder (Wheat Flour, Edible Vegetable Oil (Palm), Iodised Salt, Acidity Regulators (INS 451(i), INS 500(i)), Red Chilli Powder, Colour (INS 160c(ii)), Antioxidant (INS 319) & Thickener (INS 412)), Spice Mix - 12.13% (Red Chilli, Chilli Flake & Cumin), Flavour Enhancers (Yeast Extract, INS 631, INS 627), Garlic Powder, Onion Powder, Edible Vegetable Oil (Palm), Acidity Regulator (INS 330) & Colour (INS 160c(i))"
Masala Instant Atta Noodles,Top Ramen,"Noodles (62.75%) – Maida (Wheat Flour), Edible Vegetable Oil (Palm), Iodised Salt, Acidity Regulators (INS 451(i), INS 500(i)), Antioxidant (INS 319), Thickener (INS 412). Seasoning Mix (17.34%) – Dehydrated Vegetables & Herbs (20.2%) (French Beans, Carrot, Green Peas, Kibbled Onion & Coriander Leaves), Iodised Salt, Spice Mix (3.19%) (Coriander Seeds, Cumin Seeds, Roasted Curry Leaves, Turmeric, Red Chilli, Cinnamon, Black Pepper, Clove, Star Anise, Nutmeg, Fennel, Bay Leaf, Ginger, Mace, Asafoetida), Green Cardamom & Fenugreek, Sugar, Vegetable Fat Powder (Palm), Coconut & Whey, Onion Powder, Flavour Enhancers (INS 621 & INS 631), INS 627, Noodle Powder (Atta (Wheat Flour), Edible Vegetable Oil (Palm), Iodised Salt), Acidity Regulators (INS 451(i), INS 500(i)), Antioxidant (INS 319) & Thickener (INS 412), Corn Starch, Hydrolysed Vegetable Protein (Soy), Tomato Powder, Garlic Powder, Acidity Regulator (INS 330), Colour (INS 160c) & Anticaking Agent (INS 551)."
Cola,Campa,"CARBONATED WATER, SUGAR, ACIDITY REGULATORS (338, 331(iii)), CAFFEINE (9.4 mg/100ml), COLOR (150d), PRESERVATIVE (211), NATURAL FLAVOURING SUBSTANCES"
Orange soft drink,Campa,"Carbonated Water, Sugar, Acidity Regulator (330), Stabilizers (414, 445), Colors (110, 122), Preservative (211), Natural and Nature Identical Flavouring Substances."
Energy drink - gold boost,Campa,"CARBONATED WATER, SUGAR, ACIDITY
REGULATORS (330, 331), TAURINE (360 mg/100 ml), CAFFEINE (30 mg/100 ml), VITAMINS (NIACIN, PANTOTHENIC ACID (2mg/100 ml), B6, B2, B12), PRESERVATIVE (211), COLOUR (150d), NATURAL & NATURE IDENTICAL FLAVOURING SUBSTANCES (MIXED BERRY)"
Cola zero sugar,Campa,"CARBONATED WATER, COLOR (150d), ACIDITY REGULATORS (338, 331(iii)), SWEETENER (955), PRESERVATIVE (211), CAFFEINE (9.4 mg/100ml), NATURAL FLAVOURING SUBSTANCES"
Power Up,Campa,"Carbonated Water, Sugar, Acidity Regulator (338), Caffeine (9Mg/100Ml), Colour (150D), Natural And Nature Identical Flavouring Substances"
Soft Drink,Thums Up,"Carbonated water, Sugar, Acidity Regular (338), Caffeine (8.3mg/100g), Colour (150d), Flavours (Nature-Identical & Artficial (Cola) flavouring substances)"
"Split Green Gram (80%), Edible Vegetable Oil (Palmolein Oil, Cottonseed Oil), Iodised Salt, Acidity Regulator (INS 330)",Bikaji,"Edible Vegetable Oil (Palmolein Oil and/or Cottonseed Oil), Split Chickpea (30%), Whole Lentils (12%), Peanuts (8%), Dried Potato Slice (4%), Rice Flakes (3%), Gram Flour, Dew Bean Flour (Moth Flour), Tapioca Starch, Dehydrated Potato Flakes, Iodised Salt, Ground Spices & Condiments (Red Chilli, Turmeric (Colouring & Spice), Cumin, Ginger, Black Pepper, Cardamom,"
Punjabi Tadka,Bikaji,"Edible Vegetable Oil (Palmolein Oil And/Or Cottonseed Oil), Dehydrated Potato Flakes (21.4%), Gram Flour, Dew Bean Flour (Moth Flour), Tapioca Starch, Ground Spices & Condiments (Iodised Salt, Dry Mango, Chili, Ginger, Black Pepper, Cardamom, Clove, Turmeric (Colouring & Spices)), Tomato Powder, Onion Powder, Garlic Powder, Black Salt, Mace, Nutmeg,"
Chicken Nuggets,Yummiez Godrej ,"Chicken Meat (52%), Water, Breadcrumbs {Wheat Flour, Yeast, Salt, Permitted Bread Improvers, Preservative (INS 282) And Acidity Regulator (INS260)}, Edible Vegetable Oil (RBD Palmolein), Batter {Wheat Flour, Corn Flour, Corn Starch, Salt And Emulsifier (INS 466)}, Soy, Isolated Soy Protein, Iodized Salt, Spices & Condiments And Texturizer (INS 451(i))"
Chicken Pepper & Herb Sausages,,"Chicken Meat, Water, Seasoning, Starch, Refined Wheat Flour, Maltodextrin, Acidity Regulator, Antioxidant, Soy Protein"
Chicken Party Pack,Yummiez Godrej ,"Chicken Meat (52%), Water, Breadcrumbs {Wheat Flour, Yeast, Salt, Permitted Bread Improvers, Preservative (INS 282) And Acidity Regulator (INS260)}, Edible Vegetable Oil (RBD Palmolein), Batter (Wheat Flour, Corn Flour, Corn Starch, Salt And Emulsifier (INS 466)), Soy, Isolated Soy Protein, Iodized Salt, Spices & Condiments And Texturizer (INS 451(i))., Chicken Meat (52.7%), Water, Breadcrumbs {Wheat Flour, Yeast, Salt, Permitted Bread Improvers, Preservative (INS 282) And Acidity Regulator (INS 260)}, Edible Vegetable Oil (Refined Palmolein Oil), Batter (Wheat Flour, Corn Flour, Corn Starch, Salt And Emulsifier (INS 466)), Seasoning (Garlic (1.9%), Onion, Salt, Spices, Herbs & Spice Extracts), Soy Protein, Iodized Salt, White Pepper And Texturizer (INS 451(i))., Chicken Meat (58%), Water, Breadcrumbs {Wheat Flour, Yeast, Salt, Permitted Bread Improvers, Preservative (INS 282) And Acidity Regulator (INS 260)}, Batter {Wheat Flour, Corn Flour, Corn Starch, Salt And Emulsifier (INS 466)}, Edible Vegetable Oil (Refined Palmolein Oil), Soy Protein, Texturized Soy Protein, Iodized Salt, Dextrose, Garlic, White Pepper, Black Pepper And Lemon Juice."
pice Mix - Mutter Paneer,Suhana ,"Onion, Cashew Nuts, Milk Solids, Salt, Sugar, Coriander, Garlic, Corn Starch, Chilli, Cumin, Turmeric, Tomato Powder, White Pepper, Dry Ginger, Fennel, Star anise, Bayleaf, Clove, Green Cardamom, Cassia."
Paneer Tikka Masala Mix,Suhana ,"Onion, Cashew Nut, Common Salt, Chilli, Milk Solids, Sugar, Tomato Powder, Garlic, Coriander, Dry Fenugreek Leaves, Cornstarch, Dry Ginger, Cumin, Green Cardamom, Cassia Bark (Taj), Clove, Black Pepper, Nutmeg, Bay Leaf, Paprika, Turmeric, Mace, Caraway, Refined Cottonseed Oil"
Spice Mix - Chicken Gravy,Suhana ,"Onion, Garlic, Ginger, Refined Sunflower Oil, Common Salt, Chilli, Coconut, Coriander, Tomato, Mint Leaves, Cornstarch, Turmeric, Fennel Seeds, Black Pepper, Lemon, Caraway, Cumin, Green Cardamom, Cassia Bark (Taj), Bay Leaf, Clove, Black Cardamom, Nutmeg, Mace"
Spice Mix - Mutton Gravy,Suhana ,"Onion, Garlic,Ginger, Refined Sunflower Oil, Coconut, Common Salt, Chilli, Sesame, Coriander, Cornstarch, Tomato, Black Cardamom, Caraway, Fennel, Cassia Bark ( Taj), Clove, Star Anise, Black Pepper, Turmeric,Bayleaf, Lichen, Mint Leaves, Mace, Nutmeg"
Farmlite Biscuit - Cookies - Oats & Chocolat,SunFeast,"Farmlite Oats & Chocolate is a range of wholesome biscuits made from the grains sourced from the finest farm of India. Along with the goodness of grains, it is packed with super healthy and tasty ingredients like wheat chocolate that provide balanced nutrition along with a rich tasty experience. A perfect cookie for your everyday chai moments or those sudden hunger pangs"
Marie Light Active Biscuits,SunFeast,"Refined wheat flour (Maida) (66.6%), Sugar, Refined palm oil, Invert syrup, Milk solids, Raising agents (INS 503 (ii), INS 500 (ii)), Iodized salt, Nature identical flavouring substances, Flour treatment agent (INS 223), Emulsifier (Diacetyltartaric and fatty acid esters of glycerol (from refined sunflower oil and palm oil)), Artificial flavouring substances (Milk, Vanilla), Mineral"
Dark Fantasy Bourbon Classic Chocolate Biscuits,SunFeast,"Maida (Refined Wheat Flour), Sugar (32.8%), Refined Palm Oil, Colours [Ins 150A, Ins 150C, Ins 150D, Ins 129], Starch, Cocoa Solids (2.3%), Milk Solids, Raising Agents [Ins 503(Ii), Ins 500(Ii), Ins 450(I)], Artificial Flavouring Substances (Vanilla, Chocolate), Emulsifiers [Mono- And Di-Glycerides Of Fatty Acids (From Palm Oil), Lecithin (From Soyabean)], Plain Chocolate"
Dark Fantasy Coconut & Hazelnut Macaroon Fills Biscuit,SunFeast,"White Creme (25.9%) {Sugar, Refined Palm Oil, Milk Solids, Cocoa Butter, Emulsifier [Lecithin (from Soyabean)], Anhydrous Milk Fat, Iodised Salt, Nature-Identical Flavouring Substance (Vanilla)}, Desiccated Coconut (21.8%), Maida (Refined Wheat Flour), Choco Hazelnut Crčme (11.0%) {Sugar, Refined Palmolein, Cocoa Solids (15.0%), Hazelnut Paste (4.0%), Emulsifier"
Dark Fantasy - Yumfills Pie,SunFeast,"REFINED WHEAT FLOUR (MAIDA), MILK CHOCO COVERING (22.9%) {SUGAR, INTERESTERIFIED VEGETABLE FAT, MILK SOLIDS (2.75%), COCOA SOLIDS (1.37%), HYDROGENATED VEGETABLE OILS, ARTIFICIAL FLAVOURING SUBSTANCES (VANILLA)}, SUGAR, LIQUID GLUCOSE, REFINED PALMOLEIN, HUMECTANT (INS 422)"
Farmlite Oats & Almonds Cookies,SunFeast,"Wheat Flour (Atta) (35.3%), Rolled Oats (21.2%), Refined Palm Oil, Sugar, Liquid Glucose, Almond Bits (3.2%), Raising Agents [Ins 503(Ii), Ins 500(Ii), Ins 450(I)], Maltodextrin, Invert Syrup, Milk Solids, Lodized Salt, Artificial Flavouring Substances (Milk, Vanilla), Emulsifier [Lecithin (From Soyabean)], Nature Identical Flavouring Substances"
,,
,,
,,
,,
,,
,,
,,
,,
,,
,,
,,
,,
,,
,,
,,
,,
,,
,,
,,
,,
,,
,,
,,
,,
,,
,,
,,
,,
,,
,,
,,
,,
,,
,,
,,
,,
,,
,,
,,
,,
,,
,,
,,
,,
,,
,,
,,
,,
,,
,,
,,
,,
,,
,,
,,
,,
,,
,,
,,
,,
,,
,,
,,
,,
,,
,,
,,
,,
,,
,,
,,
,,
,,
,,
,,
,,
,,
,,
,,
,,
,,
,,
,,
,,
,,
,,
,,
,,
,,
,,
,,
,,
,,
,,
,,
,,
,,
,,
,,
,,
,,
,,
,,
,,
,,
,,
,,
,,
,,
,,
,,
,,
,,
,,
,,
,,
,,
,,
,,
,,
,,
,,
,,
,,
,,
,,
,,
,,
,,
,,
,,
,,
,,
,,
,,
,,
,,
,,
,,
,,
,,
,,
,,
,,
,,
,,
,,
,,
,,
,,
,,
,,
,,
,,
,,
,,
,,
,,
,,
,,
,,
,,
,,
,,
,,
,,
,,
,,
,,
,,
,,
,,
,,
,,
,,
,,
,,
,,
,,
,,
,,
,,
,,
,,
,,
,,
,,
,,
,,
,,
,,
,,
,,
,,
,,
,,
,,
,,
,,
,,
,,
,,
,,
,,
,,
,,
,,
,,
,,
,,
,,
,,
,,
,,
,,
,,
,,
,,
,,
,,
,,
,,
,,
,,
,,
,,
,,
,,
,,
,,
,,
,,
,,
,,
,,
,,
,,
,,
,,
,,
,,
,,
,,
,,
,,
,,
,,
,,
,,
,,
,,
,,
,,
,,
,,
,,
,,
,,
,,
,,
,,
,,
,,
,,
,,
,,
,,
,,
,,
,,
,,
,,
,,
,,
,,
,,
,,
,,
,,
,,
,,
,,
,,
,,
,,
,,
,,
,,
,,
,,
,,
,,
,,
,,
,,
,,
,,
,,
,,
,,
,,
,,
,,
,,
,,
,,
,,
,,
,,
,,
,,
,,
,,
,,
,,
,,
,,
,,
,,
,,
,,
,,
,,
,,
,,
,,
,,
,,
,,
,,
,,
,,
,,
,,
,,
,,
,,
,,
,,
,,
,,
,,
,,
,,
,,
,,
,,
,,
,,
,,
,,
,,
,,
,,
,,
,,
,,
,,
,,
,,
,,
,,
,,
,,
,,
,,
,,
,,
,,
,,
,,
,,
,,
,,
,,
,,
,,
,,
,,
,,
,,
,,
,,
,,
,,
,,
,,
,,
,,
,,
,,
,,
,,
,,
,,
,,
,,
,,
,,
,,
,,
,,
,,
,,
,,
,,
,,
,,
,,
,,
,,
,,
,,
,,
,,
,,
,,
,,
,,
,,
,,
,,
,,
,,
,,
,,
,,
,,
,,
,,
,,
,,
,,
,,
,,
,,
,,
,,
,,
,,
,,
,,
,,
,,
,,
,,
,,
,,
,,
,,
,,
,,
,,
,,
,,
,,
,,
,,
,,
,,
,,
,,
,,
,,
,,
,,
,,
,,
,,
,,
,,
,,
,,
,,
,,
,,
,,
,,
,,
,,
,,
,,
,,
,,
,,
,,
,,
,,
,,
,,
,,
,,
,,
,,
,,
,,
,,
,,
,,
,,
,,
,,
,,
,,
,,
,,
,,
,,
,,
,,
,,
,,
,,
,,
,,
,,
,,
,,
,,
,,
,,
,,
,,
,,
,,
,,
,,
,,
,,
,,
,,
,,
,,
,,
,,
,,
,,
,,
,,
,,
,,
,,
,,
,,
,,
,,
,,
,,
,,
,,
,,
,,
,,
